id,keyword
99999999,data management
100000000,indexing
100000001,data modeling
100000002,big data
100000003,data processing
100000004,data storage
100000005,data querying
100000006,Interval
100000007,Cyclic
100000008,Networks-Graphs
100000009,Advertising
100000010,Estimation-statistical techniques
100000011,Leadership
100000012,Markov Processes
100000013,System design-operation
100000014,Delphi technique
100000015,Capital budgets
100000016,Economics
100000017,Nonparametric
100000018,Branch and bound
100000019,Analysis of variance
100000020,Manufacturing
100000021,Organizational studies-Strategy
100000022,Renewal processes
100000023,-326
100000024,Semi Markov
100000025,Diagnosis
100000026,Natural resources
100000027,Sales force
100000028,Traveling salesman
100000029,Journal policies
100000030,Tax policy
100000031,Pricing
100000032,Systems dynamics
100000033,Birth-death
100000034,MRP
100000035,Sampling
100000036,Sets
100000037,Postal
100000038,Inference
100000039,Performance-productivity
100000040,Review-lead times
100000041,CPM
100000042,System safety
100000043,Discrete time
100000044,Tactics-strategy
100000045,Maintenance-replacement
100000046,Distributions
100000047,Transient results
100000048,Finite state
100000049,ORMS education
100000050,Search-Surveillance
100000051,Infinite state
100000052,PERT
100000053,Sequencing
100000054,Organizational studies
100000055,Electric
100000056,-476
100000057,VERT
100000058,Strategy
100000059,Real estate
100000060,Stochastic models
100000061,Land development
100000062,Elections
100000063,Marketing
100000064,Behavior
100000065,Cooperative
100000066,Approximations-heuristics
100000067,OR-MS philosophy
100000068,Automobile
100000069,Energy policies
100000070,Linear decision rules
100000071,Insurance
100000072,ORMS philosophy
100000073,Safety-injuries
100000074,Inequalities
100000075,Capacity expansion
100000076,Computer-electronic
100000077,Applications
100000078,Foreign policy
100000079,Operating budgets
100000080,Nonlinear
100000081,Quality control
100000082,Analysis of algorithms
100000083,Inventory-Production
100000084,Non-atomic
100000085,Lanchester theory
100000086,Duality
100000087,Vehicle routing
100000088,Force effectiveness
100000089,Algorithms
100000090,Conservation
100000091,-401
100000092,Mix
100000093,Advertising-promotion
100000094,Cost effectiveness
100000095,Working capital
100000096,Vehicles
100000097,Flow algorithms
100000098,-500
100000099,Weather
100000100,Optimal Control
100000101,Project management
100000102,Crime
100000103,Combinatorics
100000104,Mining-Me
100000105,Hospitals
100000106,Politics
100000107,Recreation and sports
100000108,Scaling
100000109,Software
100000110,Labor
100000111,Project Management
100000112,Humor-satire
100000113,Scale-economies-lot sizing
100000114,Business services
100000115,Product policy
100000116,Busy period analysis
100000117,Relaxation-subgradient
100000118,Gambling
100000119,Petroleum-Natural gas
100000120,Crossing problems
100000121,Time sharing
100000122,Entropy
100000123,Benders-decomposition
100000124,Statistics
100000125,Optimization
100000126,Multi-item-echelon-stage
100000127,Choice functions
100000128,Space program
100000129,Flexible manufacturing-line balancing
100000130,Measurement
100000131,SemiMarkov
100000132,Ecology
100000133,Deterministic
100000134,Input Output analysis
100000135,Structures
100000136,Time series
100000137,Research and Development
100000138,Flow shop
100000139,Research and development
100000140,Lumber-wood
100000141,Design of experiments
100000142,Clearing processes
100000143,Statistical inference
100000144,Space Program
100000145,Information
100000146,Voting-Committees
100000147,Manpower planning
100000148,Reliability
100000149,Judicial-Legal
100000150,Polyhedra
100000151,Pattern analysis
100000152,Industrial marketing
100000153,Distribution comparisons
100000154,Planning
100000155,Accounting
100000156,Choice models
100000157,Expert systems
100000158,Priority
100000159,Markov
100000160,Freight-Materials handling
100000161,Criteria
100000162,Training
100000163,Transportation
100000164,Pollution
100000165,Agriculture-Food
100000166,Targeting
100000167,System dynamics
100000168,Multiple criteria
100000169,Requirements Evaluation
100000170,Production-scheduling
100000171,Work studies-Learning
100000172,Econometrics
100000173,-110
100000174,Ellipsoidal
100000175,Statist
100000176,Decision analysis
100000177,Recreation-sports
100000178,Availability
100000179,Computational complexity
100000180,Transportation equipment
100000181,Muliattribute
100000182,File systems
100000183,Ordering
100000184,Law
100000185,Facilities-Equipment planning
100000186,Optimality conditions
100000187,Heuristics
100000188,Competitive strategy
100000189,Enumerative
100000190,Diffusion
100000191,ARIMA processes
100000192,Functions
100000193,Artificial intelligence
100000194,Capacity
100000195,Population
100000196,Relaxation
100000197,Judicial-legal
100000198,Replacement-Renewal
100000199,Defense
100000200,Generalized networks
100000201,Road
100000202,Automated systems
100000203,Packaging
100000204,EOQ
100000205,Heuristic
100000206,Simplex
100000207,Balking and reneging
100000208,Penal system
100000209,Matchings
100000210,Mining-Metals
100000211,Perishable-Decaying items
100000212,Retailing and wholesaling
100000213,Taxis-limousines
100000214,Location
100000215,Agencies
100000216,Marketing mix
100000217,Printing-Publications
100000218,Integer
100000219,Parametric
100000220,Corporate finance
100000221,Factor analysis
100000222,Batch-bulk
100000223,Input-output analysis
100000224,Cutting stock-trim
100000225,Energy
100000226,Scale-diseconomies-smoothing
100000227,Non-cooperative
100000228,Chemical
100000229,Addresses
100000230,Defense systems
100000231,Nondifferentiable
100000232,Production smoothing
100000233,Computers-computer science
100000234,Pharmaceutical
100000235,Treatment
100000236,Redundancy-Spares
100000237,Convexity
100000238,Benders-Decomposition
100000239,Petroleum-natural gas
100000240,Environment
100000241,Deterministic models
100000242,Textiles-apparel
100000243,Single stage
100000244,Lumber-Wood
100000245,Networks
100000246,Portfolio
100000247,Disposal
100000248,Blood bank
100000249,Operating characteristics
100000250,Coherent structures
100000251,Capital rationing
100000252,Assignment
100000253,Engineering
100000254,Epidemiology
100000255,Fractional
100000256,Logistics
100000257,Suboptimal algorithms
100000258,Motivation-incentives
100000259,Utility-preference
100000260,Retail
100000261,Water resources
100000262,ORMS implementation
100000263,Disposal-issuing
100000264,Tracking
100000265,Forecasting
100000266,Bidding-auctions
100000267,Education systems
100000268,Information systems
100000269,-244
100000270,Correlation
100000271,OR-MS implementation
100000272,Policies
100000273,Health care
100000274,Brokerage-trading
100000275,Systems solution
100000276,Job shop
100000277,Comments on
100000278,Dat
100000279,Complementarity
100000280,Financial institutions
100000281,Diffusion models
100000282,Management
100000283,Feedback
100000284,Libraries
100000285,Hierarchial planning
100000286,Rail
100000287,Cost analysis
100000288,Industries
100000289,State-owned
100000290,operation
100000291,Investment
100000292,Air
100000293,Route selection
100000294,Group
100000295,Bargaining
100000296,Line balancing
100000297,Uncertainty
100000298,Finance
100000299,Water
100000300,Random variable generation
100000301,Hotel-motel
100000302,Equations
100000303,Fire
100000304,Unconstrained
100000305,Birth-Death
100000306,Wholesale
100000307,New products
100000308,Utility-Preference
100000309,Corporate
100000310,Project selection
100000311,Microcomputers
100000312,Cutting plane-facet generation
100000313,Approximations-heuristic
100000314,GERT
100000315,Cluster analysis
100000316,Crime prevention
100000317,Multi-commodity
100000318,Communications-journalism
100000319,Costing
100000320,Cutting plane
100000321,Community
100000322,Single machine
100000323,Multiple machine
100000324,Assets pricing
100000325,Queues
100000326,Police
100000327,Sequential
100000328,Effectiveness-performance
100000329,Infinite dimensional
100000330,Urban
100000331,Transformations
100000332,Time Series
100000333,Warfare models
100000334,Markov processes
100000335,Games-Group Decisions
100000336,Games-group decisions
100000337,Personnel
100000338,Investment criteria
100000339,Rel
100000340,Leisure
100000341,Inspection
100000342,Obituaries
100000343,Data structures
100000344,Data bases
100000345,Replacement-renewal
100000346,Agriculture-food
100000347,Travel
100000348,Convex
100000349,Fractio
100000350,Taxation
100000351,Maintenance-Repairs
100000352,Non cooperative
100000353,Continuous
100000354,Stochastic
100000355,Product design
100000356,Fixed Points
100000357,Paper
100000358,Value theory
100000359,Inventory-production
100000360,Machinery
100000361,Utility-P
100000362,Natural Resources
100000363,Channels of distribution
100000364,Censoring
100000365,Salesforce
100000366,Materials handling
100000367,Multi echelon
100000368,Programs
100000369,Design
100000370,Layout
100000371,Lot sizing(closed shop)
100000372,Stochastic model applications
100000373,Quadratic
100000374,Nonstationary
100000375,Matrices
100000376,Generalized network
100000377,Mining-metals
100000378,Professional
100000379,Facilities-equipment planning
100000380,Decision support systems
100000381,-330
100000382,Marketing-pricing
100000383,Random walk
100000384,Dynamic Programming-optimal control
100000385,Recreation-Sports
100000386,Capital budgeting
100000387,Artificial Intelligence
100000388,Information Theory
100000389,Missile systems
100000390,Competition
100000391,Programming
100000392,Stochastic-Chance Constrained
100000393,Markets
100000394,Transient Results
100000395,Efficiency
100000396,Maintenance-repairs
100000397,Promotion
100000398,Network
100000399,Tree algorithms
100000400,Teams
100000401,Family planning
100000402,Resource Constraints
100000403,Multiattribute
100000404,OR-MS policy-standards
100000405,Sensitivity
100000406,War games
100000407,Learning
100000408,Batch(bulk)
100000409,Languages
100000410,Models
100000411,Planning horizons
100000412,Risk
100000413,Piecewise linear
100000414,Fixed points
100000415,Operations
100000416,Approximations
100000417,Multichannel
100000418,Tactics-Strategy
100000419,Markovian
100000420,Computers
100000421,Redundancy-spares
100000422,Philosophy of modeling
100000423,computers-computer science
100000424,Innovation
100000425,Transportation-shipping
100000426,Shock models
100000427,Linear
100000428,Resource constraints
100000429,Goals
100000430,Networks-graphs
100000431,Mode-Route choice
100000432,Textiles-Apparel
100000433,Data analysis
100000434,Regression
100000435,Replacement
100000436,Depreciation
100000437,Stochastic duels
100000438,Traffic
100000439,Differential
100000440,Probability
100000441,Antisubmarine warfare
100000442,Production-Scheduling
100000443,Decision making
100000444,Parametric analysis
100000445,Asset pricing
100000446,Costs
100000447,Dynamic programming-optimal control
100000448,Life distributions
100000449,Advertising and media
100000450,Voting-committees
100000451,Mathematics
100000452,Research and developement
100000453,Computational Complexity
100000454,Scaling methods
100000455,Waste disposal
100000456,Statistical analysis
100000457,Output process
100000458,International marketing
100000459,Estimation
100000460,Sensitivity analysis
100000461,Open shop
100000462,State owned
100000463,Technology
100000464,Multicommodity
100000465,Distance algorithms
100000466,Buyer behavior
100000467,Bayesian
100000468,Large scale systems
100000469,Dynamic programming
100000470,Capital assets
100000471,Geometric
100000472,Cost-Benefit analysis
100000473,Search and surveillance
100000474,Mass transit
100000475,Scheduling
100000476,Leadtime
100000477,Cutting stock
100000478,Communications
100000479,Government
100000480,Regulations
100000481,Banks
100000482,Measures of effectiveness
100000483,Perishable-aging items
100000484,Limit theorems
100000485,Fuel
100000486,Contruction
100000487,Multiple Criteria
100000488,Ambulance service
100000489,Freight-materials handling
100000490,Failure models
100000491,Analysis and design
100000492,Decision analys
100000493,Switching
100000494,Search-surveillance
100000495,Theory
100000496,Simulation
100000497,Electric-Electronic
100000498,Discrete
100000499,Auditing
100000500,Organizational studies-Goals
100000501,Multistate systems
100000502,Systems
100000503,Tandem
100000504,Regenerative processes
100000505,Segmentation
100000506,Services
100000507,Military
100000508,Distribution
100000509,Motivation-Incentives
100000510,Securities
100000511,OR-MS education
100000512,Test-Evaluation
100000513,Philosophy
100000514,Productivity
